epoch,lane,head,cum_root_ms,win_root_ms
1784411415,MPT,30,4.0588,4.0588
1784411415,JMT,30,3.9530,3.9530
1784411419,MPT,45,3.9334,3.9334
1784411419,JMT,45,3.8008,3.8008
1784411445,MPT,144,5.2547,5.5694
1784411445,JMT,144,5.3585,5.7283
1784411449,MPT,159,5.4088,5.9912
1784411449,JMT,159,5.5048,6.1775
1784411475,MPT,258,6.4496,7.9589
1784411475,JMT,249,14.6588,27.4136
1784411479,MPT,273,6.5634,8.1737
1784411479,JMT,263,14.2757,27.6849
1784411505,MPT,371,7.2563,9.0982
1784411505,JMT,362,12.4040,7.4355
1784411509,MPT,385,7.3626,9.2935
1784411509,JMT,377,12.2180,7.4709
1784411535,MPT,483,7.9533,10.2621
1784411536,JMT,476,11.3578,8.0356
1784411539,MPT,498,8.0379,10.3652
1784411539,JMT,490,11.2682,8.0996
1784411566,MPT,594,8.8527,12.7313
1784411566,JMT,574,16.9288,43.9879
1784411570,MPT,609,8.9142,12.8456
1784411570,JMT,589,16.7068,43.6247
1784411596,MPT,706,9.5591,13.3456
1784411596,JMT,675,19.7723,35.9324
1784411600,MPT,720,9.6795,13.8782
1784411600,JMT,687,21.2886,48.8267
1784411626,MPT,817,10.0594,13.2420
1784411626,JMT,785,19.7256,19.4391
1784411630,MPT,831,10.1160,12.9477
1784411630,JMT,800,19.5282,8.8257
1784411656,MPT,928,10.4076,12.9702
1784411656,JMT,898,18.3517,8.8071
1784411660,MPT,943,10.4512,12.9379
1784411660,JMT,913,18.1930,8.7398
1784411686,MPT,1039,10.7417,13.5346
1784411686,JMT,1011,17.3099,9.0310
1784411690,MPT,1054,10.7753,13.5294
1784411690,JMT,1026,17.1937,9.1195
1784411716,MPT,1150,11.0190,13.6153
1784411716,JMT,1124,16.5131,9.3841
1784411720,MPT,1165,11.0518,13.6775
1784411720,JMT,1139,16.4219,9.4150
1784411746,MPT,1260,11.4095,15.4918
1784411746,JMT,1220,18.0750,36.3625
1784411750,MPT,1275,11.4395,15.5455
1784411750,JMT,1235,17.9744,36.3938
1784411776,MPT,1371,11.6074,13.8532
1784411776,JMT,1333,17.3671,9.7239
1784411780,MPT,1386,11.6232,13.7324
1784411780,JMT,1348,17.2819,9.7133
1784411806,MPT,1482,11.7899,14.0450
1784411807,JMT,1446,16.7683,9.7053
1784411810,MPT,1496,11.8119,14.1685
1784411811,JMT,1461,16.7012,9.7735
1784411837,MPT,1592,11.9669,14.3288
1784411837,JMT,1558,16.2879,10.0848
1784411841,MPT,1607,11.9873,14.3745
1784411841,JMT,1573,16.2291,10.0714
1784411867,MPT,1703,12.1188,14.3200
1784411867,JMT,1671,15.8812,10.2743
1784411871,MPT,1718,12.1415,14.3739
1784411871,JMT,1685,15.8351,10.3018
1784411897,MPT,1814,12.2738,14.6505
1784411897,JMT,1783,15.5436,10.5063
1784411901,MPT,1828,12.2931,14.6600
1784411901,JMT,1798,15.5033,10.5549
1784411927,MPT,1924,12.3967,14.4245
1784411927,JMT,1895,15.2556,10.6705
1784411931,MPT,1939,12.4111,14.3550
1784411931,JMT,1910,15.2194,10.6625
1784411957,MPT,2035,12.4871,14.0541
1784411957,JMT,2007,15.0028,10.7259
1784411961,MPT,2050,12.5014,14.0784
1784411961,JMT,2022,14.9841,10.9714
1784411987,MPT,2145,12.6431,15.5291
1784411987,JMT,2104,16.7500,52.9010
1784411991,MPT,2160,12.6514,15.4482
1784411991,JMT,2119,16.7024,52.5206
1784412017,MPT,2257,12.6323,12.4250
1784412017,JMT,2217,16.3512,8.9265
1784412021,MPT,2272,12.6116,11.8437
1784412021,JMT,2232,16.2890,8.5363
1784412047,MPT,2368,12.6088,12.1306
1784412048,JMT,2330,15.9924,8.9522
1784412051,MPT,2383,12.6123,12.6270
1784412051,JMT,2345,15.9475,9.2035
1784412078,MPT,2480,12.6137,12.7170
1784412078,JMT,2443,15.6914,9.4858
1784412082,MPT,2495,12.6158,12.6902
1784412082,JMT,2458,15.6571,9.6292
1784412108,MPT,2591,12.6389,13.2036
1784412108,JMT,2555,15.4284,9.6911
1784412112,MPT,2606,12.6437,13.2703
1784412112,JMT,2570,15.3937,9.6134
1784412138,MPT,2702,12.7235,14.6964
1784412138,JMT,2653,16.7468,51.1194
1784412142,MPT,2716,12.7304,14.7845
1784412142,JMT,2667,16.7130,51.6691
1784412168,MPT,2813,12.7604,13.6604
1784412168,JMT,2765,16.4730,9.9866
1784412172,MPT,2827,12.7656,13.6261
1784412172,JMT,2780,16.4383,9.9549
1784412198,MPT,2924,12.7882,13.4910
1784412198,JMT,2878,16.2352,10.4159
1784412202,MPT,2938,12.7894,13.3964
1784412202,JMT,2892,16.2095,10.5304
1784412228,MPT,3035,12.8164,13.5595
1784412228,JMT,2990,16.0303,10.7661
1784412232,MPT,3049,12.8199,13.6270
1784412232,JMT,3004,16.0054,10.7796
1784412258,MPT,3145,12.8559,13.9369
1784412258,JMT,3102,15.8414,10.7973
1784412262,MPT,3160,12.8611,13.9937
1784412262,JMT,3117,15.8142,10.6857
1784412288,MPT,3256,12.8965,14.0564
1784412288,JMT,3214,15.6616,10.6830
1784412292,MPT,3271,12.8981,13.9514
1784412292,JMT,3229,15.6398,10.7866
1784412319,MPT,3367,12.9436,14.3261
1784412319,JMT,3327,15.4867,10.5133
1784412322,MPT,3381,12.9496,14.4676
1784412323,JMT,3341,15.4655,10.4402
1784412349,MPT,3478,12.9795,14.0694
1784412349,JMT,3439,15.3232,10.4643
1784412353,MPT,3492,12.9879,14.1645
1784412353,JMT,3452,15.3161,10.8180
1784412379,MPT,3588,13.0599,15.6009
1784412379,JMT,3536,16.1841,46.7072
1784412383,MPT,3602,13.0651,15.5155
1784412383,JMT,3551,16.1615,45.6414
1784412409,MPT,3699,13.0993,14.3730
1784412409,JMT,3648,16.0235,10.9536
1784412413,MPT,3713,13.1061,14.4351
1784412413,JMT,3663,16.0032,10.9839
1784412439,MPT,3809,13.1462,14.7236
1784412439,JMT,3760,15.8685,10.8196
1784412443,MPT,3824,13.1515,14.6712
1784412443,JMT,3775,15.8436,10.6223
1784412469,MPT,3920,13.1768,14.2279
1784412469,JMT,3873,15.7089,10.3982
1784412473,MPT,3934,13.1825,14.2591
1784412473,JMT,3886,15.7065,11.0459
1784412499,MPT,4030,13.2507,15.8827
1784412499,JMT,3969,16.5433,50.2062
1784412503,MPT,4044,13.2573,15.9327
1784412503,JMT,3984,16.5222,48.8673
1784412529,MPT,4140,13.2873,14.6291
1784412529,JMT,4081,16.3850,10.7741
1784412533,MPT,4155,13.2920,14.5568
1784412533,JMT,4096,16.3637,10.7250
1784412559,MPT,4251,13.3239,14.6892
1784412560,JMT,4194,16.2304,10.6460
1784412563,MPT,4265,13.3280,14.6900
1784412563,JMT,4208,16.2131,10.7054
1784412590,MPT,4361,13.3571,14.6382
1784412590,JMT,4305,16.1000,11.2196
1784412594,MPT,4376,13.3575,14.4901
1784412594,JMT,4320,16.0796,11.0643
1784412620,MPT,4473,13.3410,12.7134
1784412620,JMT,4418,15.9404,9.8036
1784412624,MPT,4487,13.3347,12.4429
1784412624,JMT,4433,15.9141,9.5858
1784412650,MPT,4584,13.3278,12.7973
1784412650,JMT,4531,15.7720,9.1885
1784412654,MPT,4599,13.3269,13.0117
1784412654,JMT,4546,15.7525,9.4124
1784412680,MPT,4695,13.3337,13.5757
1784412680,JMT,4644,15.6275,9.8319
1784412684,MPT,4710,13.3352,13.6775
1784412684,JMT,4659,15.6081,9.7982
1784412710,MPT,4806,13.3436,13.7649
1784412710,JMT,4756,15.4974,10.1018
1784412714,MPT,4821,13.3467,13.8369
1784412714,JMT,4771,15.4816,10.2223
1784412740,MPT,4916,13.3805,14.9784
1784412740,JMT,4853,16.1739,49.3443
1784412744,MPT,4931,13.3830,14.9755
1784412744,JMT,4867,16.1583,49.7885
1784412770,MPT,5027,13.4054,14.5182
1784412770,JMT,4965,16.0498,10.6741
1784412774,MPT,5042,13.4093,14.5766
1784412774,JMT,4980,16.0332,10.6416
1784412800,MPT,5138,13.4263,14.3721
1784412801,JMT,5077,15.9320,10.7089
1784412804,MPT,5152,13.4273,14.2518
1784412804,JMT,5092,15.9148,10.6527
1784412831,MPT,5248,13.4442,14.2712
1784412831,JMT,5190,15.8118,10.4142
1784412835,MPT,5263,13.4454,14.2838
1784412835,JMT,5204,15.7986,10.5170
1784412861,MPT,5359,13.4643,14.4236
1784412861,JMT,5302,15.7089,10.9366
1784412865,MPT,5373,13.4725,14.7568
1784412865,JMT,5312,15.8031,16.0185
1784412891,MPT,5469,13.5153,16.0018
1784412891,JMT,5398,16.3217,50.1708
1784412895,MPT,5484,13.5172,15.7045
1784412895,JMT,5413,16.3084,42.8812
1784412921,MPT,5580,13.5339,14.4477
1784412921,JMT,5510,16.2149,11.0670
1784412925,MPT,5594,13.5383,14.5864
1784412925,JMT,5525,16.2002,10.9714
1784412951,MPT,5690,13.5616,14.9700
1784412951,JMT,5622,16.1084,10.8687
1784412955,MPT,5705,13.5676,15.0477
1784412955,JMT,5637,16.0957,10.9438
1784412981,MPT,5800,13.5936,15.2500
1784412981,JMT,5734,16.0114,11.1393
1784412985,MPT,5815,13.5970,15.1200
1784412985,JMT,5749,15.9984,11.1018
1784413011,MPT,5911,13.6172,14.8477
1784413011,JMT,5846,15.9181,11.1455
1784413015,MPT,5925,13.6194,14.8018
1784413015,JMT,5861,15.9049,11.1018
1784413041,MPT,6021,13.6357,14.6309
1784413042,JMT,5958,15.8246,10.9420
1784413045,MPT,6036,13.6398,14.7315
1784413045,JMT,5971,15.8207,11.3345
1784413072,MPT,6131,13.6866,16.4727
1784413072,JMT,6055,16.3344,47.6454
1784413076,MPT,6146,13.6904,16.4636
1784413076,JMT,6069,16.3206,46.4747
1784413102,MPT,6242,13.7038,14.6541
1784413102,JMT,6167,16.2371,10.9768
1784413106,MPT,6256,13.7065,14.6109
1784413106,JMT,6182,16.2261,11.1054
1784413132,MPT,6352,13.7331,15.3964
1784413132,JMT,6279,16.1480,11.2411
1784413136,MPT,6366,13.7371,15.4604
1784413136,JMT,6294,16.1370,11.2143
1784413162,MPT,6462,13.7636,15.5255
1784413162,JMT,6391,16.0660,11.4732
1784413166,MPT,6477,13.7675,15.5245
1784413166,JMT,6405,16.0546,11.4286
1784413192,MPT,6572,13.7970,15.7573
1784413192,JMT,6503,15.9879,11.5268
1784413196,MPT,6587,13.7932,15.3109
1784413196,JMT,6518,15.9704,11.1518
1784413222,MPT,6683,13.8062,14.3523
1784413222,JMT,6600,16.3077,37.7526
1784413226,MPT,6698,13.8024,14.3432
1784413226,JMT,6615,16.2925,37.9381
1784413252,MPT,6794,13.7996,13.4000
1784413252,JMT,6695,16.8079,51.5579
1784413256,MPT,6809,13.8014,13.7432
1784413256,JMT,6709,16.8268,54.4255
1784413282,MPT,6905,13.8106,14.4820
1784413283,JMT,6807,16.7432,12.8750
1784413286,MPT,6919,13.8120,14.4709
1784413287,JMT,6821,16.7319,11.0446
1784413313,MPT,7015,13.8248,14.7182
1784413313,JMT,6918,16.6586,11.4685
1784413317,MPT,7030,13.8292,14.8982
1784413317,JMT,6933,16.6476,11.5179
1784413343,MPT,7125,13.8499,15.4509
1784413343,JMT,7030,16.5777,11.5804
1784413347,MPT,7140,13.8532,15.3900
1784413347,JMT,7045,16.5661,11.5179
1784413373,MPT,7236,13.8724,15.3198
1784413373,JMT,7142,16.4945,11.2768
1784413377,MPT,7250,13.8756,15.3264
1784413377,JMT,7157,16.4834,11.2857
1784413403,MPT,7346,13.9024,15.8727
1784413403,JMT,7254,16.4141,11.2857
1784413407,MPT,7360,13.9054,15.8727
1784413407,JMT,7269,16.4032,11.2768
1784413433,MPT,7456,13.9278,15.6273
1784413433,JMT,7366,16.3318,11.0000
1784413437,MPT,7470,13.9311,15.6455
1784413437,JMT,7381,16.3191,10.8571
1784413463,MPT,7566,13.9414,14.8636
1784413463,JMT,7478,16.2461,10.6071
1784413467,MPT,7581,13.9446,14.8559
1784413467,JMT,7493,16.2352,10.7054
1784413493,MPT,7676,13.9624,15.3874
1784413493,JMT,7590,16.1731,11.3036
1784413497,MPT,7691,13.9649,15.3636
1784413497,JMT,7605,16.1640,11.4018
1784413523,MPT,7786,14.0150,17.7248
1784413523,JMT,7685,16.5239,44.5474
1784413527,MPT,7800,14.0183,17.7890
1784413527,JMT,7700,16.5140,44.5368
1784413554,MPT,7896,14.0389,15.7273
1784413554,JMT,7797,16.4503,11.4018
1784413558,MPT,7910,14.0435,15.8273
1784413558,JMT,7812,16.4406,11.3929
1784413584,MPT,8006,14.0696,16.2727
1784413584,JMT,7909,16.3896,12.1607
1784413588,MPT,8020,14.0743,16.2909
1784413588,JMT,7924,16.3805,12.1875
1784413614,MPT,8115,14.1237,18.1009
1784413614,JMT,8003,16.8751,57.2947
1784413618,MPT,8129,14.1279,18.0734
1784413618,JMT,8018,16.8677,57.9362
1784413644,MPT,8225,14.1528,16.3000
1784413644,JMT,8115,16.8097,12.0991
1784413648,MPT,8239,14.1574,16.3364
1784413648,JMT,8130,16.8007,12.0089
1784413674,MPT,8334,14.1843,16.5596
1784413674,JMT,8227,16.7456,12.0982
1784413678,MPT,8349,14.1897,16.6091
1784413678,JMT,8241,16.7368,12.0541
1784413704,MPT,8444,14.2166,16.6636
1784413704,JMT,8338,16.6823,11.9910
1784413708,MPT,8458,14.2218,16.6789
1784413708,JMT,8353,16.6737,12.0268
1784413734,MPT,8554,14.2509,16.8818
1784413734,JMT,8450,16.6194,11.9375
1784413738,MPT,8568,14.2553,16.8273
1784413738,JMT,8465,16.6109,11.9286
1784413764,MPT,8663,14.2834,16.8349
1784413764,JMT,8562,16.5605,12.1161
1784413768,MPT,8678,14.2874,16.7909
1784413768,JMT,8576,16.5528,12.1261
1784413795,MPT,8773,14.3084,16.2818
1784413795,JMT,8673,16.5013,11.9369
1784413798,MPT,8788,14.3044,15.6455
1784413799,JMT,8688,16.4875,11.4821
1784413825,MPT,8884,14.3025,13.8288
1784413825,JMT,8786,16.4173,9.9646
1784413829,MPT,8898,14.3010,14.0360
1784413829,JMT,8801,16.4067,10.1947
1784413855,MPT,8994,14.3179,15.5636
1784413855,JMT,8883,16.8139,52.7423
1784413859,MPT,9009,14.3193,15.8000
1784413859,JMT,8898,16.8030,52.7629
1784413885,MPT,9104,14.3294,15.2727
1784413885,JMT,8995,16.7401,10.8839
1784413889,MPT,9119,14.3308,15.2727
1784413889,JMT,9010,16.7305,10.9732
1784413915,MPT,9214,14.3453,15.6636
1784413915,JMT,9107,16.6732,11.3036
1784413919,MPT,9229,14.3481,15.7818
1784413919,JMT,9122,16.6651,11.4018
1784413945,MPT,9325,14.3549,15.1441
1784413945,JMT,9219,16.6148,11.8661
1784413949,MPT,9339,14.3551,14.9364
1784413949,JMT,9233,16.6072,11.8468
1784413975,MPT,9435,14.3618,14.9545
1784413975,JMT,9330,16.5605,12.0450
1784413979,MPT,9450,14.3659,15.2793
1784413979,JMT,9341,16.6177,17.5185
1784414005,MPT,9545,14.3908,16.8727
1784414005,JMT,9425,16.9345,53.6737
1784414009,MPT,9559,14.3936,16.7890
1784414009,JMT,9440,16.9263,46.0404
1784414036,MPT,9655,14.4082,15.9182
1784414036,JMT,9537,16.8759,11.9375
1784414039,MPT,9669,14.4106,15.8909
1784414040,JMT,9551,16.8690,12.0446
1784414066,MPT,9765,14.4216,15.6000
1784414066,JMT,9648,16.8218,12.1802
1784414070,MPT,9779,14.4234,15.5405
1784414070,JMT,9663,16.8138,12.0631
1784414096,MPT,9875,14.4387,15.9545
1784414096,JMT,9760,16.7669,12.0357
1784414100,MPT,9889,14.4406,15.9727
1784414100,JMT,9775,16.7596,12.0804
1784414126,MPT,9985,14.4540,15.8273
1784414126,JMT,9872,16.7102,11.7679
1784414130,MPT,9999,14.4564,15.8727
1784414130,JMT,9887,16.7034,11.8036
1784414156,MPT,10095,14.4747,16.3545
1784414156,JMT,9983,16.6623,12.4054
1784414160,MPT,10109,14.4780,16.4587
1784414160,JMT,9998,16.6553,12.3694
1784414186,MPT,10204,14.5150,18.2477
1784414186,JMT,10078,16.9841,50.8000
1784414190,MPT,10218,14.5177,18.2018
1784414190,JMT,10093,16.9785,50.9895
1784414216,MPT,10314,14.5326,16.1636
1784414216,JMT,10189,16.9374,12.6937
1784414220,MPT,10328,14.5357,16.2091
1784414220,JMT,10204,16.9307,12.5856
1784414246,MPT,10424,14.5527,16.4364
1784414246,JMT,10301,16.8914,12.7054
1784414250,MPT,10438,14.5554,16.4000
1784414250,JMT,10315,16.8860,12.7748
1784414276,MPT,10533,14.5743,16.6422
1784414277,JMT,10412,16.8437,12.4234
1784414280,MPT,10548,14.5769,16.6182
1784414281,JMT,10427,16.8372,12.3482
1784414307,MPT,10643,14.6016,17.2182
1784414307,JMT,10523,16.7992,12.6607
1784414311,MPT,10657,14.6045,17.2752
1784414311,JMT,10538,16.7941,12.7387
1784414337,MPT,10751,14.6443,18.8073
1784414337,JMT,10619,17.1284,53.6000
1784414341,MPT,10766,14.6478,18.8807
1784414341,JMT,10633,17.1233,53.6421
1784414367,MPT,10860,14.6921,19.4537
1784414367,JMT,10711,17.5360,64.5761
1784414371,MPT,10874,14.6956,19.4630
1784414371,JMT,10725,17.5294,64.4674
1784414397,MPT,10969,14.7188,17.3853
1784414397,JMT,10822,17.4854,12.6036
1784414401,MPT,10984,14.7169,16.8182
1784414401,JMT,10837,17.4745,12.2143
1784414427,MPT,11080,14.7144,14.2703
1784414427,JMT,10934,17.4146,10.5714
1784414431,MPT,11095,14.7151,14.5405
1784414431,JMT,10949,17.4047,10.6518
1784414457,MPT,11190,14.7198,15.2727
1784414457,JMT,11047,17.3454,10.6549
1784414461,MPT,11205,14.7222,15.4364
1784414461,JMT,11061,17.3374,10.7589
1784414487,MPT,11300,14.7313,15.8829
1784414487,JMT,11158,17.2883,11.6518
1784414491,MPT,11315,14.7330,15.8364
1784414491,JMT,11173,17.2821,11.8214
1784414518,MPT,11410,14.7502,16.7156
1784414518,JMT,11270,17.2339,11.7658
1784414521,MPT,11425,14.7516,16.6636
1784414522,JMT,11285,17.2275,11.7768
1784414548,MPT,11520,14.7675,16.5636
1784414548,JMT,11382,17.1804,11.7946
1784414552,MPT,11534,14.7690,16.5963
1784414552,JMT,11397,17.1734,11.7232
1784414578,MPT,11629,14.7864,16.7636
1784414578,JMT,11493,17.1302,12.0357
1784414582,MPT,11644,14.7881,16.7909
1784414582,JMT,11508,17.1243,12.0901
1784414608,MPT,11739,14.8053,16.8257
1784414608,JMT,11605,17.0867,12.5766
1784414612,MPT,11753,14.8089,17.0275
1784414612,JMT,11618,17.0855,13.0182
1784414638,MPT,11848,14.8472,19.3578
1784414638,JMT,11698,17.4566,63.6129
1784414642,MPT,11862,14.8494,19.2202
1784414642,JMT,11713,17.4504,62.0737
1784414668,MPT,11957,14.8627,16.5413
1784414668,JMT,11810,17.4086,12.4018
1784414672,MPT,11972,14.8656,16.6091
1784414672,JMT,11824,17.4024,12.3423
1784414698,MPT,12067,14.8851,17.3182
1784414698,JMT,11921,17.3602,12.2072
1784414702,MPT,12081,14.8883,17.3853
1784414702,JMT,11936,17.3539,12.2321
1784414728,MPT,12176,14.9111,17.7890
1784414728,JMT,12033,17.3142,12.4196
1784414732,MPT,12190,14.9144,17.7982
1784414732,JMT,12047,17.3088,12.4595
1784414758,MPT,12285,14.9360,17.7248
1784414759,JMT,12144,17.2726,12.7568
1784414762,MPT,12300,14.9389,17.6545
1784414763,JMT,12159,17.2672,12.7946
1784414789,MPT,12394,14.9735,19.2018
1784414789,JMT,12246,17.4123,34.0490
1784414793,MPT,12408,14.9822,19.9167
1784414793,JMT,12255,17.4709,43.2708
1784414819,MPT,12502,15.0066,18.7706
1784414819,JMT,12350,17.4553,22.5192
1784414823,MPT,12517,15.0105,18.2294
1784414823,JMT,12365,17.4501,15.1273
1784414849,MPT,12611,15.0362,18.4312
1784414849,JMT,12461,17.4128,12.7232
1784414853,MPT,12626,15.0398,18.4037
1784414853,JMT,12476,17.4077,12.6847
1784414879,MPT,12721,15.0645,18.3394
1784414879,JMT,12573,17.3731,12.9189
1784414883,MPT,12735,15.0689,18.4404
1784414883,JMT,12587,17.3676,12.9018
1784414909,MPT,12829,15.0939,18.5556
1784414909,JMT,12684,17.3330,12.7928
1784414913,MPT,12844,15.0983,18.5321
1784414913,JMT,12699,17.3275,12.7838
1784414939,MPT,12938,15.1196,18.1091
1784414939,JMT,12795,17.2959,13.0541
1784414943,MPT,12953,15.1234,18.0917
1784414943,JMT,12810,17.2911,13.1261
1784414969,MPT,13047,15.1611,20.1389
1784414969,JMT,12885,17.5679,56.2444
1784414973,MPT,13061,15.1651,20.1667
1784414973,JMT,12899,17.5625,56.1889
1784415000,MPT,13156,15.1839,17.9083
1784415000,JMT,12996,17.5228,12.2793
1784415003,MPT,13170,15.1837,17.4037
1784415004,JMT,13011,17.5142,11.9009
1784415030,MPT,13266,15.1875,15.6273
1784415030,JMT,13109,17.4633,10.6283
1784415034,MPT,13281,15.1880,15.7027
1784415034,JMT,13124,17.4555,10.6991
1784415060,MPT,13376,15.1995,16.6364
1784415060,JMT,13221,17.4121,11.4196
1784415064,MPT,13390,15.2007,16.7431
1784415064,JMT,13235,17.4066,11.6306
1784415090,MPT,13485,15.2145,17.0550
1784415090,JMT,13332,17.3708,12.4505
1784415094,MPT,13500,15.2167,17.1636
1784415094,JMT,13344,17.3676,12.6239
1784415120,MPT,13594,15.2350,17.7798
1784415120,JMT,13423,17.6081,52.3626
1784415124,MPT,13609,15.2375,17.8165
1784415124,JMT,13437,17.6024,51.2903
1784415150,MPT,13704,15.2478,16.8273
1784415150,JMT,13534,17.5664,12.5225
1784415154,MPT,13719,15.2495,16.7364
1784415154,JMT,13549,17.5610,12.5982
1784415180,MPT,13813,15.2663,17.5963
1784415180,JMT,13645,17.5245,12.4643
1784415184,MPT,13828,15.2699,17.8349
1784415184,JMT,13660,17.5192,12.4144
1784415210,MPT,13922,15.2895,18.2294
1784415210,JMT,13757,17.4854,12.6847
1784415214,MPT,13937,15.2932,18.2569
1784415214,JMT,13771,17.4810,12.7838
1784415241,MPT,14031,15.3133,18.3486
1784415241,JMT,13868,17.4503,13.0991
1784415244,MPT,14046,15.3157,18.1835
1784415245,JMT,13883,17.4454,13.0625
1784415271,MPT,14140,15.3339,17.9817
1784415271,JMT,13979,17.4128,12.7297
1784415275,MPT,14155,15.3371,18.0917
1784415275,JMT,13994,17.4082,12.7568
1784415301,MPT,14249,15.3590,18.6239
1784415301,JMT,14090,17.3786,13.0631
1784415305,MPT,14263,15.3634,18.7798
1784415305,JMT,14105,17.3742,13.0901
1784415331,MPT,14358,15.3911,19.5780
1784415331,JMT,14191,17.4979,34.1386
1784415335,MPT,14372,15.4006,20.3241
1784415335,JMT,14197,17.6384,58.1522
1784415361,MPT,14466,15.4279,20.3241
1784415361,JMT,14289,17.6872,45.1020
1784415365,MPT,14480,15.4326,19.6852
1784415365,JMT,14303,17.6834,23.6981
1784415391,MPT,14575,15.4549,19.0367
1784415391,JMT,14400,17.6528,13.2342
1784415395,MPT,14589,15.4579,18.8165
1784415395,JMT,14415,17.6479,13.1250
1784415421,MPT,14683,15.4786,18.6514
1784415421,JMT,14511,17.6188,13.2072
1784415425,MPT,14698,15.4818,18.6881
1784415425,JMT,14526,17.6148,13.3063
1784415451,MPT,14793,15.4962,17.8624
1784415451,JMT,14622,17.5897,13.7748
1784415455,MPT,14807,15.4988,17.7890
1784415455,JMT,14636,17.5854,13.7477
1784415482,MPT,14901,15.5203,18.7890
1784415482,JMT,14733,17.5579,13.3784
1784415485,MPT,14916,15.5234,18.8624
1784415486,JMT,14748,17.5536,13.3604
1784415512,MPT,15010,15.5481,19.3889
1784415512,JMT,14821,17.9210,78.7045
1784415516,MPT,15024,15.5501,19.2315
1784415516,JMT,14836,17.9164,78.7045
1784415542,MPT,15119,15.5689,18.4312
1784415542,JMT,14932,17.8918,14.0000
1784415546,MPT,15133,15.5729,18.7248
1784415546,JMT,14946,17.8888,14.1727
1784415572,MPT,15227,15.5965,19.4220
1784415572,JMT,15043,17.8647,14.2072
1784415576,MPT,15242,15.6000,19.3578
1784415576,JMT,15057,17.8611,14.1351
1784415602,MPT,15336,15.6181,18.6667
1784415602,JMT,15154,17.8308,13.2432
1784415606,MPT,15351,15.6200,18.4220
1784415606,JMT,15168,17.8250,12.9279
1784415632,MPT,15446,15.6196,15.8364
1784415632,JMT,15266,17.7806,10.9821
1784415636,MPT,15461,15.6203,15.6636
1784415636,JMT,15281,17.7735,10.8584
1784415662,MPT,15556,15.6300,17.0909
1784415662,JMT,15378,17.7349,11.5089
1784415666,MPT,15570,15.6309,17.1284
1784415666,JMT,15392,17.7295,11.6667
1784415692,MPT,15665,15.6476,18.1560
1784415692,JMT,15471,17.9661,56.2043
1784415696,MPT,15679,15.6493,18.2844
1784415696,JMT,15486,17.9608,55.8404
1784415723,MPT,15774,15.6596,17.3761
1784415723,JMT,15583,17.9282,12.6875
1784415726,MPT,15789,15.6620,17.4727
1784415727,JMT,15597,17.9232,12.6757
1784415753,MPT,15883,15.6791,18.5046
1784415753,JMT,15694,17.8898,12.5045
1784415757,MPT,15897,15.6810,18.4220
1784415757,JMT,15709,17.8847,12.5268
1784415783,MPT,15992,15.6949,18.0000
1784415783,JMT,15806,17.8507,12.3661
1784415787,MPT,16007,15.6976,18.1193
1784415787,JMT,15820,17.8458,12.3423
1784415813,MPT,16101,15.7136,18.4495
1784415813,JMT,15917,17.8108,12.1351
1784415817,MPT,16116,15.7149,18.2661
1784415817,JMT,15932,17.8059,12.1607
1784415843,MPT,16210,15.7337,18.7156
1784415843,JMT,16029,17.7732,12.4196
1784415847,MPT,16224,15.7367,18.9815
1784415847,JMT,16043,17.7686,12.4144
1784415873,MPT,16318,15.7669,20.7407
1784415873,JMT,16115,18.0598,71.4767
1784415877,MPT,16332,15.7690,20.6296
1784415877,JMT,16129,18.0544,71.3837
1784415903,MPT,16427,15.7868,18.7615
1784415903,JMT,16227,18.0178,11.9821
1784415907,MPT,16441,15.7893,18.8257
1784415907,JMT,16241,18.0135,12.1161
1784415933,MPT,16535,15.8094,19.2294
1784415934,JMT,16338,17.9796,12.3964
1784415937,MPT,16550,15.8116,19.1743
1784415937,JMT,16353,17.9745,12.3214
1784415964,MPT,16644,15.8297,18.9259
1784415964,JMT,16450,17.9416,12.4018
1784415968,MPT,16658,15.8327,19.0648
1784415968,JMT,16464,17.9370,12.4144
1784415994,MPT,16753,15.8517,19.2202
1784415994,JMT,16561,17.9057,12.5766
1784415998,MPT,16767,15.8541,19.1193
1784415998,JMT,16575,17.9015,12.6306
1784416024,MPT,16861,15.8743,19.3796
1784416024,JMT,16672,17.8742,13.1712
1784416028,MPT,16875,15.8772,19.4312
1784416028,JMT,16687,17.8701,13.2232
1784416054,MPT,16970,15.8957,19.2018
1784416054,JMT,16781,17.8456,13.4771
1784416058,MPT,16984,15.9018,19.7500
1784416058,JMT,16784,17.9855,37.8351
1784416084,MPT,17078,15.9277,20.9630
1784416084,JMT,16863,18.1100,72.2195
1784416088,MPT,17092,15.9300,20.3704
1784416088,JMT,16877,18.1060,39.8602
1784416114,MPT,17186,15.9614,21.2870
1784416114,JMT,16943,18.4173,83.1875
1784416118,MPT,17200,15.9644,21.4074
1784416118,JMT,16957,18.4125,82.2840
1784416144,MPT,17294,15.9831,19.4352
1784416144,JMT,17054,18.3868,13.7297
1784416148,MPT,17308,15.9853,19.3056
1784416148,JMT,17068,18.3831,13.8364
1784416175,MPT,17403,16.0030,19.1560
1784416175,JMT,17165,18.3562,13.6577
1784416178,MPT,17417,16.0057,19.2569
1784416178,JMT,17179,18.3526,13.6757
1784416205,MPT,17512,16.0187,18.5229
1784416205,JMT,17276,18.3202,12.7568
1784416209,MPT,17526,16.0194,18.2018
1784416209,JMT,17291,18.3150,12.5357
1784416235,MPT,17622,16.0184,15.9818
1784416235,JMT,17388,18.2757,11.4107
1784416239,MPT,17636,16.0186,15.8909
1784416239,JMT,17403,18.2695,11.2500
1784416265,MPT,17731,16.0239,16.9000
1784416265,JMT,17500,18.2355,11.9911
1784416269,MPT,17746,16.0254,17.1091
1784416269,JMT,17514,18.2308,12.1622
1784416295,MPT,17841,16.0355,17.9174
1784416295,JMT,17611,18.1996,12.5495
1784416299,MPT,17855,16.0370,17.9358
1784416299,JMT,17626,18.1953,12.6429
1784416325,MPT,17950,16.0475,18.0092
1784416325,JMT,17722,18.1662,12.9018
1784416329,MPT,17964,16.0495,18.0917
1784416329,JMT,17737,18.1624,12.9459
1784416355,MPT,18058,16.0688,19.6204
1784416355,JMT,17823,18.1828,21.1300
1784416359,MPT,18072,16.0769,20.6389
1784416359,JMT,17828,18.2673,38.7143
1784416385,MPT,18166,16.0930,20.1389
1784416385,JMT,17919,18.3195,43.6979
1784416389,MPT,18181,16.0958,19.2202
1784416389,JMT,17933,18.3157,26.5333
1784416415,MPT,18275,16.1128,19.4037
1784416416,JMT,18030,18.2859,12.8649
1784416419,MPT,18289,16.1143,19.2315
1784416419,JMT,18044,18.2816,12.7658
1784416446,MPT,18384,16.1304,19.0826
1784416446,JMT,18141,18.2533,12.9550
1784416450,MPT,18398,16.1327,19.2294
1784416450,JMT,18156,18.2485,12.9196
1784416476,MPT,18492,16.1490,19.3241
1784416476,JMT,18252,18.2202,12.8108
1784416480,MPT,18506,16.1517,19.3578
1784416480,JMT,18267,18.2159,12.8829
1784416506,MPT,18601,16.1683,19.4312
1784416506,JMT,18364,18.1884,13.0089
1784416510,MPT,18615,16.1707,19.4259
1784416510,JMT,18378,18.1847,13.0541
1784416536,MPT,18708,16.1992,21.5701
1784416536,JMT,18446,18.4095,67.9268
1784416540,MPT,18723,16.2018,21.5556
1784416540,JMT,18461,18.4050,67.1687
1784416566,MPT,18817,16.2185,19.5413
1784416566,JMT,18557,18.3790,13.3063
1784416570,MPT,18831,16.2257,20.3704
1784416570,JMT,18562,18.4596,28.4455
1784416596,MPT,18924,16.2514,22.0280
1784416596,JMT,18639,18.6412,77.9756
1784416600,MPT,18938,16.2546,21.3364
1784416600,JMT,18654,18.6366,54.3478
1784416626,MPT,19032,16.2731,20.0741
1784416626,JMT,18750,18.6095,13.3393
1784416630,MPT,19047,16.2760,20.0000
1784416630,JMT,18765,18.6060,13.4595
1784416656,MPT,19141,16.2918,19.5688
1784416657,JMT,18861,18.5822,13.9182
1784416660,MPT,19155,16.2941,19.4907
1784416660,JMT,18876,18.5782,13.8919
1784416687,MPT,19250,16.3081,19.1560
1784416687,JMT,18972,18.5533,13.6577
1784416691,MPT,19264,16.3110,19.2844
1784416691,JMT,18987,18.5495,13.6577
1784416717,MPT,19358,16.3289,20.0370
1784416717,JMT,19083,18.5251,13.7027
1784416721,MPT,19372,16.3318,20.0278
1784416721,JMT,19098,18.5210,13.6577
1784416747,MPT,19466,16.3504,20.2130
1784416747,JMT,19194,18.4974,13.7297
1784416751,MPT,19480,16.3526,20.0833
1784416751,JMT,19208,18.4940,13.8468
1784416777,MPT,19574,16.3703,19.9537
1784416777,JMT,19305,18.4710,13.9009
1784416781,MPT,19589,16.3724,19.9083
1784416781,JMT,19319,18.4672,13.7818
1784416807,MPT,19683,16.3827,18.6055
1784416807,JMT,19416,18.4382,12.7387
1784416811,MPT,19698,16.3840,18.4771
1784416811,JMT,19431,18.4336,12.6339
1784416837,MPT,19792,16.3931,18.2752
1784416837,JMT,19496,18.6427,68.2750
1784416841,MPT,19807,16.3944,18.2752
1784416841,JMT,19510,18.6376,68.8228
1784416867,MPT,19901,16.4041,18.3945
1784416867,JMT,19607,18.6071,12.3604
1784416871,MPT,19916,16.4056,18.4404
1784416871,JMT,19622,18.6024,12.4732
1784416897,MPT,20010,16.4151,18.4404
1784416898,JMT,19718,18.5736,12.6964
1784416901,MPT,20025,16.4166,18.4220
1784416901,JMT,19733,18.5693,12.7117
1784416928,MPT,20119,16.4235,17.9633
1784416928,JMT,19830,18.5407,12.7117
1784416932,MPT,20134,16.4255,18.0734
1784416932,JMT,19844,18.5362,12.6486
1784416958,MPT,20228,16.4358,18.7064
1784416958,JMT,19941,18.5102,13.0450
1784416962,MPT,20242,16.4377,18.6881
1784416962,JMT,19953,18.5072,13.2294
1784416988,MPT,20337,16.4552,20.0459
1784416988,JMT,20020,18.7308,74.4304
1784416992,MPT,20351,16.4567,20.0185
1784416992,JMT,20035,18.7265,72.0854
1784417018,MPT,20445,16.4689,19.0556
1784417018,JMT,20131,18.7002,13.1802
1784417022,MPT,20459,16.4706,19.0550
1784417022,JMT,20146,18.6965,13.2883
1784417048,MPT,20554,16.4880,20.0734
1784417048,JMT,20210,18.9428,80.7595
1784417052,MPT,20568,16.4906,20.2778
1784417052,JMT,20224,18.9398,81.7692
1784417078,MPT,20662,16.5060,19.9352
1784417078,JMT,20320,18.9175,14.2727
1784417082,MPT,20676,16.5085,19.9167
1784417082,JMT,20335,18.9139,14.2072
1784417108,MPT,20770,16.5245,20.0463
1784417108,JMT,20431,18.8908,13.9910
1784417112,MPT,20784,16.5265,19.9815
1784417112,JMT,20445,18.8871,13.9273
1784417139,MPT,20878,16.5438,20.2593
1784417139,JMT,20542,18.8637,13.8919
1784417142,MPT,20892,16.5465,20.3981
1784417143,JMT,20556,18.8599,13.8468
1784417169,MPT,20986,16.5623,20.1009
1784417169,JMT,20652,18.8364,13.7838
1784417173,MPT,21001,16.5647,20.0550
1784417173,JMT,20667,18.8336,13.9730
1784417199,MPT,21095,16.5809,20.2130
1784417199,JMT,20763,18.8087,13.6000
1784417203,MPT,21109,16.5835,20.2407
1784417203,JMT,20778,18.8048,13.4414
1784417229,MPT,21203,16.6012,20.5556
1784417229,JMT,20874,18.7811,13.6216
1784417233,MPT,21217,16.6037,20.5463
1784417233,JMT,20889,18.7776,13.6757
1784417259,MPT,21310,16.6247,21.2500
1784417259,JMT,20972,18.8180,26.6837
1784417263,MPT,21324,16.6298,21.7944
1784417263,JMT,20975,18.9521,61.3372
1784417289,MPT,21418,16.6481,21.2897
1784417289,JMT,21062,18.9960,60.0000
1784417293,MPT,21432,16.6508,20.8148
1784417293,JMT,21077,18.9922,27.2451
1784417319,MPT,21526,16.6667,20.3704
1784417319,JMT,21174,18.9673,13.5315
1784417323,MPT,21540,16.6696,20.3889
1784417323,JMT,21188,18.9636,13.5225
1784417349,MPT,21634,16.6873,20.7870
1784417349,JMT,21284,18.9409,13.8545
1784417353,MPT,21648,16.6895,20.6574
1784417353,JMT,21299,18.9378,14.0270
1784417380,MPT,21742,16.7068,20.6204
1784417380,JMT,21395,18.9165,14.2432
1784417383,MPT,21756,16.7096,20.7315
1784417384,JMT,21409,18.9134,14.1909
1784417410,MPT,21850,16.7272,20.8241
1784417410,JMT,21474,19.1693,87.6329
1784417414,MPT,21864,16.7282,20.4404
1784417414,JMT,21488,19.1647,87.2658
1784417440,MPT,21960,16.7250,16.3000
1784417440,JMT,21586,19.1301,11.6161
1784417444,MPT,21974,16.7258,16.2569
1784417444,JMT,21600,19.1250,11.5089
1784417470,MPT,22069,16.7321,18.1560
1784417470,JMT,21697,19.0936,11.9910
1784417474,MPT,22084,16.7324,18.0455
1784417474,JMT,21712,19.0890,12.1339
1784417500,MPT,22178,16.7448,19.3119
1784417500,JMT,21779,19.2624,63.9146
1784417504,MPT,22192,16.7454,19.3981
1784417504,JMT,21793,19.2587,64.7407
1784417530,MPT,22287,16.7526,18.3394
1784417530,JMT,21890,19.2327,13.4144
1784417534,MPT,22301,16.7537,18.4587
1784417534,JMT,21904,19.2293,13.4595
1784417560,MPT,22396,16.7616,18.5963
1784417560,JMT,22001,19.2008,12.9009
1784417564,MPT,22410,16.7635,18.7523
1784417564,JMT,22016,19.1966,12.8125
1784417590,MPT,22505,16.7725,19.0183
1784417591,JMT,22112,19.1715,13.3784
1784417594,MPT,22519,16.7743,19.0000
1784417594,JMT,22127,19.1680,13.4865
1784417621,MPT,22613,16.7860,19.5926
1784417621,JMT,22223,19.1439,13.6306
1784417624,MPT,22627,16.7874,19.5185
1784417625,JMT,22237,19.1408,13.6818
1784417651,MPT,22722,16.7953,18.7248
1784417651,JMT,22334,19.1187,14.0901
1784417655,MPT,22736,16.7965,18.6881
1784417655,JMT,22348,19.1156,14.0541
1784417681,MPT,22830,16.8083,19.5229
1784417681,JMT,22445,19.0940,14.1081
1784417685,MPT,22844,16.8102,19.6944
1784417685,JMT,22459,19.0908,14.1081
1784417711,MPT,22939,16.8221,19.7500
1784417711,JMT,22553,19.0700,14.0833
1784417715,MPT,22953,16.8267,20.2936
1784417715,JMT,22556,19.1513,33.1546
1784417741,MPT,23046,16.8445,21.6355
1784417741,JMT,22633,19.2928,82.1250
1784417745,MPT,23060,16.8461,21.0000
1784417745,JMT,22648,19.2897,53.2174
1784417771,MPT,23154,16.8634,20.8981
1784417771,JMT,22744,19.2679,14.1802
1784417775,MPT,23168,16.8656,21.0278
1784417775,JMT,22758,19.2648,14.1364
1784417801,MPT,23262,16.8827,21.0185
1784417801,JMT,22855,19.2419,13.9189
1784417805,MPT,23276,16.8855,21.1481
1784417805,JMT,22869,19.2385,13.8468
1784417831,MPT,23370,16.9047,21.6481
1784417831,JMT,22966,19.2162,13.9279
1784417835,MPT,23384,16.9068,21.5000
1784417835,JMT,22980,19.2130,13.9640
1784417862,MPT,23478,16.9238,21.0556
1784417862,JMT,23076,19.1912,13.9636
1784417865,MPT,23492,16.9263,21.1481
1784417866,JMT,23090,19.1886,14.0909
1784417892,MPT,23585,16.9488,22.4299
1784417892,JMT,23155,19.4149,84.7722
1784417896,MPT,23599,16.9509,22.3645
1784417896,JMT,23169,19.4118,84.6582
1784417922,MPT,23692,16.9749,22.7290
1784417922,JMT,23231,19.6226,82.8816
1784417926,MPT,23706,16.9766,22.6449
1784417926,JMT,23245,19.6196,82.9605
1784417952,MPT,23801,16.9866,19.5229
1784417952,JMT,23342,19.5970,14.2432
1784417956,MPT,23815,16.9879,19.4495
1784417956,JMT,23356,19.5938,14.1892
1784417982,MPT,23909,16.9997,19.9074
1784417982,JMT,23452,19.5716,14.1818
1784417986,MPT,23923,17.0019,20.0833
1784417986,JMT,23467,19.5679,14.1261
1784418012,MPT,24018,17.0081,18.8349
1784418012,JMT,23564,19.5396,12.8482
1784418016,MPT,24032,17.0087,18.5046
1784418016,JMT,23578,19.5357,12.7207
1784418042,MPT,24127,17.0092,17.2661
1784418042,JMT,23676,19.5035,11.9107
1784418046,MPT,24142,17.0099,17.2545
1784418046,JMT,23690,19.4992,11.8036
1784418072,MPT,24237,17.0136,17.9727
1784418073,JMT,23787,19.4707,12.4595
1784418076,MPT,24251,17.0146,18.0734
1784418076,JMT,23801,19.4668,12.5586
1784418103,MPT,24345,17.0235,19.2315
1784418103,JMT,23898,19.4392,12.6847
1784418106,MPT,24359,17.0251,19.3704
1784418107,JMT,23913,19.4353,12.7500
1784418133,MPT,24453,17.0360,19.8349
1784418133,JMT,24009,19.4105,13.2432
1784418137,MPT,24468,17.0377,19.8624
1784418137,JMT,24024,19.4070,13.2973
1784418163,MPT,24561,17.0553,21.4766
1784418163,JMT,24094,19.5012,45.1176
1784418167,MPT,24575,17.0582,21.7383
1784418167,JMT,24102,19.5761,71.6538
1784418193,MPT,24669,17.0707,20.5741
1784418193,JMT,24198,19.5535,31.6731
1784418197,MPT,24683,17.0723,20.2870
1784418197,JMT,24212,19.5508,14.0091
1784418223,MPT,24778,17.0837,20.0275
1784418223,JMT,24309,19.5301,14.4144
1784418227,MPT,24792,17.0856,20.0826
1784418227,JMT,24323,19.5269,14.3333
1784418253,MPT,24886,17.0988,20.5556
1784418253,JMT,24419,19.5037,13.7297
1784418257,MPT,24900,17.1014,20.7407
1784418257,JMT,24434,19.5009,13.7838
1784418283,MPT,24994,17.1155,20.9537
1784418283,JMT,24530,19.4781,13.8091
1784418287,MPT,25008,17.1174,20.7963
1784418287,JMT,24545,19.4751,13.8018
1784418313,MPT,25101,17.1363,22.0093
1784418314,JMT,24608,19.6871,85.3846
1784418317,MPT,25115,17.1387,22.1308
1784418317,JMT,24623,19.6835,85.2821
1784418344,MPT,25208,17.1605,22.8318
1784418344,JMT,24684,19.9361,100.5658
1784418347,MPT,25222,17.1629,22.8411
1784418348,JMT,24698,19.9323,101.6000
1784418374,MPT,25316,17.1760,20.7870
1784418374,JMT,24795,19.9071,13.4595
1784418378,MPT,25330,17.1783,20.7685
1784418378,JMT,24809,19.9035,13.4955
1784418404,MPT,25424,17.1917,20.8704
1784418404,JMT,24906,19.8777,13.3153
1784418408,MPT,25438,17.1935,20.7685
1784418408,JMT,24920,19.8743,13.3423
1784418434,MPT,25532,17.2053,20.3853
1784418434,JMT,25017,19.8499,13.6216
1784418438,MPT,25546,17.2072,20.4352
1784418438,JMT,25031,19.8461,13.5225
1784418464,MPT,25641,17.2194,20.5463
1784418464,JMT,25128,19.8229,13.7297
1784418468,MPT,25654,17.2212,20.5278
1784418468,JMT,25142,19.8195,13.8288
1784418494,MPT,25749,17.2334,20.5648
1784418494,JMT,25238,19.7970,13.8727
1784418498,MPT,25763,17.2346,20.3853
1784418498,JMT,25253,19.7935,13.8919
1784418524,MPT,25857,17.2481,20.7593
1784418524,JMT,25349,19.7731,14.3423
1784418528,MPT,25870,17.2507,21.0833
1784418528,JMT,25363,19.7700,14.3818
1784418554,MPT,25964,17.2645,21.1852
1784418555,JMT,25460,19.7485,14.1351
1784418558,MPT,25978,17.2667,21.1402
1784418558,JMT,25474,19.7452,14.0811
1784418585,MPT,26072,17.2832,21.8131
1784418585,JMT,25563,19.7626,23.2427
1784418588,MPT,26086,17.2871,22.1852
1784418589,JMT,25565,19.8311,43.8791
1784418615,MPT,26180,17.2956,20.3056
1784418615,JMT,25649,19.9364,71.6047
1784418619,MPT,26194,17.2964,19.5556
1784418619,JMT,25664,19.9324,46.0707
1784418645,MPT,26290,17.2965,17.4909
1784418645,JMT,25761,19.9002,11.6071
1784418649,MPT,26304,17.2969,17.4182
1784418649,JMT,25776,19.8957,11.5000
1784418675,MPT,26399,17.3021,18.6606
1784418675,JMT,25873,19.8684,12.5536
1784418679,MPT,26412,17.3035,18.8981
1784418679,JMT,25887,19.8645,12.6126
1784418705,MPT,26507,17.3120,19.7407
1784418705,JMT,25984,19.8376,12.6486
1784418709,MPT,26521,17.3135,19.7431
1784418709,JMT,25998,19.8338,12.6847
